,79bd5,f6bf0
,2022-01-03 00:07:21.359266,2022-01-04 01:04:23.236747
conv001_0,1,1
conv001_1,0,0
conv001_2,0,0
conv001_3,0,0
conv001_4,1,0
conv001_5,1,0
conv001_6,0,0
conv001_7,0,0
conv001_8,0,0
conv001_9,0,0
conv001_10,0,0
conv001_11,0,0
conv001_12,0,0
conv001_13,0,0
conv001_14,0,0
conv001_15,0,0
conv001_16,0,0
conv001_17,1,0
conv001_18,1,0
conv001_19,0,0
conv001_20,0,0
conv001_21,0,0
conv001_22,0,0
conv001_23,0,0
conv001_24,0,0
conv001_25,0,0
conv001_26,0,0
conv001_27,0,0
conv001_28,0,0
conv001_29,0,0
conv001_30,0,0
conv001_31,1,1
conv002_0,1,0
conv002_1,0,0
conv002_2,0,0
conv002_3,0,0
conv002_4,0,0
conv002_5,0,0
conv002_6,1,0
conv002_7,0,0
conv002_8,0,0
conv002_9,0,0
conv002_10,0,0
conv002_11,0,0
conv002_12,0,0
conv002_13,0,0
conv002_14,0,0
conv002_15,0,0
conv002_16,0,0
conv002_17,0,0
conv002_18,0,0
conv002_19,0,0
conv002_20,0,0
conv002_21,0,0
conv002_22,0,0
conv002_23,0,0
conv002_24,0,0
conv002_25,0,0
conv002_26,0,0
conv002_27,0,0
conv002_28,0,0
conv002_29,0,0
conv002_30,0,0
conv002_31,0,0
conv002_32,0,0
conv002_33,0,0
conv002_34,0,0
conv002_35,0,0
conv002_36,0,0
conv002_37,0,0
conv002_38,0,0
conv002_39,0,0
conv003_0,0,0
conv003_1,0,0
conv003_2,0,0
conv003_3,0,0
conv003_4,0,0
conv003_5,0,0
conv003_6,0,0
conv003_7,0,0
conv003_8,0,0
conv003_9,0,0
conv003_10,0,0
conv003_11,0,0
conv003_12,0,0
conv003_13,0,0
conv003_14,0,0
conv003_15,0,0
conv003_16,0,0
conv003_17,0,0
conv003_18,0,0
conv003_19,0,0
conv003_20,0,0
conv003_21,0,0
conv003_22,0,0
conv003_23,0,0
conv003_24,0,0
conv003_25,0,0
conv003_26,0,0
conv003_27,0,0
conv003_28,0,0
conv003_29,0,0
conv004_0,0,0
conv004_1,0,0
conv004_2,0,0
conv004_3,0,0
conv004_4,0,0
conv004_5,0,0
conv004_6,0,0
conv004_7,0,0
conv004_8,0,0
conv004_9,0,0
conv004_10,0,0
conv004_11,0,0
conv004_12,0,0
conv004_13,0,0
conv004_14,0,0
conv004_15,0,0
conv004_16,0,0
conv004_17,0,0
conv004_18,0,0
conv004_19,0,0
conv004_20,0,0
conv004_21,0,0
conv004_22,0,0
conv004_23,0,0
conv004_24,0,0
conv004_25,0,0
conv004_26,0,0
conv004_27,0,0
conv004_28,0,0
conv004_29,0,0
conv004_30,0,0
conv004_31,0,0
conv004_32,0,0
conv004_33,0,0
conv004_34,0,0
conv005_0,0,0
conv005_1,0,0
conv005_2,0,0
conv005_3,0,0
conv005_4,0,0
conv005_5,0,0
conv005_6,0,0
conv005_7,0,0
conv005_8,0,0
conv005_9,0,0
conv005_10,0,0
conv005_11,0,0
conv005_12,0,0
conv005_13,0,0
conv005_14,0,0
conv005_15,0,0
conv005_16,0,0
conv005_17,0,0
conv005_18,0,0
conv005_19,0,0
conv005_20,0,0
conv005_21,0,0
conv005_22,0,0
conv005_23,0,0
conv005_24,0,0
conv005_25,0,0
conv005_26,0,0
conv005_27,0,0
conv005_28,0,0
conv005_29,0,0
conv005_30,0,0
conv005_31,0,0
conv005_32,0,0
conv005_33,0,0
conv005_34,0,0
conv005_35,0,0
conv005_36,0,0
conv005_37,0,0
conv005_38,0,0
conv005_39,0,0
conv005_40,0,0
conv005_41,0,0
conv006_0,0,0
conv006_1,0,0
conv006_2,0,0
conv006_3,0,0
conv006_4,0,0
conv006_5,0,0
conv006_6,0,0
conv006_7,0,0
conv006_8,0,0
conv006_9,0,0
conv006_10,0,0
conv006_11,0,0
conv006_12,0,0
conv006_13,0,0
conv006_14,0,0
conv006_15,0,0
conv006_16,0,0
conv006_17,0,0
conv006_18,0,0
conv006_19,0,0
conv006_20,0,0
conv006_21,0,0
conv006_22,0,0
conv006_23,0,0
conv006_24,0,0
conv006_25,0,0
conv006_26,0,0
conv006_27,0,0
conv006_28,0,0
conv006_29,0,0
conv006_30,0,0
conv006_31,0,0
conv006_32,0,0
conv006_33,0,0
conv006_34,0,0
conv007_0,0,0
conv007_1,0,0
conv007_2,0,0
conv007_3,0,0
conv007_4,0,0
conv007_5,0,0
conv007_6,0,0
conv007_7,0,0
conv007_8,0,0
conv007_9,0,0
conv007_10,0,0
conv007_11,0,0
conv007_12,0,0
conv007_13,0,0
conv007_14,0,0
conv007_15,0,0
conv007_16,0,0
conv007_17,0,0
conv007_18,0,0
conv008_0,0,0
conv008_1,0,0
conv008_2,0,0
conv008_3,0,0
conv008_4,0,0
conv008_5,0,0
conv008_6,0,0
conv008_7,0,0
conv008_8,0,0
conv008_9,0,0
conv008_10,0,0
conv008_11,0,0
conv008_12,0,0
conv008_13,0,0
conv008_14,0,0
conv008_15,0,0
conv008_16,0,0
conv008_17,0,0
conv008_18,0,0
conv008_19,0,0
conv008_20,0,0
conv008_21,0,0
conv008_22,0,0
conv008_23,0,0
conv008_24,0,0
conv008_25,0,0
conv008_26,0,0
conv008_27,0,0
conv008_28,0,0
conv008_29,0,0
conv008_30,0,0
conv008_31,0,0
conv008_32,0,0
conv008_33,0,0
conv009_0,0,0
conv009_1,0,0
conv009_2,0,0
conv009_3,0,0
conv009_4,0,0
conv009_5,0,0
conv009_6,0,0
conv009_7,0,0
conv009_8,0,0
conv009_9,0,0
conv009_10,0,0
conv009_11,0,0
conv009_12,0,0
conv009_13,0,0
conv009_14,0,0
conv009_15,0,0
conv009_16,0,0
conv009_17,0,0
conv009_18,0,0
conv009_19,0,0
conv009_20,0,0
conv009_21,0,0
conv009_22,0,0
conv009_23,0,0
conv009_24,0,0
conv009_25,0,0
conv009_26,0,0
conv009_27,0,0
conv009_28,0,0
conv009_29,0,0
conv009_30,0,0
conv009_31,0,0
conv009_32,0,0
conv009_33,0,0
conv009_34,0,0
conv009_35,0,0
conv009_36,0,0
conv009_37,0,0
conv009_38,0,0
conv009_39,0,0
conv009_40,0,0
conv009_41,0,0
conv009_42,0,0
conv010_0,0,0
conv010_1,0,0
conv010_2,0,0
conv010_3,0,0
conv010_4,0,0
conv010_5,0,0
conv010_6,0,0
conv010_7,0,0
conv010_8,0,0
conv010_9,0,0
conv010_10,0,0
conv010_11,0,0
conv010_12,0,0
conv010_13,0,0
conv010_14,0,0
conv010_15,0,0
conv010_16,0,0
conv010_17,0,0
conv010_18,0,0
conv010_19,0,0
conv010_20,0,0
conv010_21,0,0
conv010_22,0,0
conv010_23,0,0
conv010_24,0,0
conv010_25,0,0
conv010_26,0,0
conv010_27,0,0
conv010_28,0,0
conv010_29,0,0
conv010_30,0,0
conv010_31,0,0
conv010_32,0,0
conv010_33,0,0
conv010_34,0,0
conv010_35,0,0
conv010_36,0,0
conv010_37,0,0
conv010_38,0,0
conv010_39,0,0
conv010_40,0,0
conv010_41,0,0
conv010_42,0,0
conv010_43,0,0
conv011_0,0,0
conv011_1,0,0
conv011_2,0,0
conv011_3,0,0
conv011_4,0,0
conv011_5,0,0
conv011_6,0,0
conv011_7,0,0
conv011_8,0,0
conv011_9,0,0
conv011_10,0,0
conv011_11,0,0
conv011_12,0,0
conv011_13,0,0
conv011_14,0,0
conv011_15,0,0
conv011_16,0,0
conv011_17,0,0
conv011_18,0,0
conv011_19,0,0
conv011_20,0,0
conv011_21,0,0
conv011_22,0,0
conv011_23,0,0
conv011_24,0,0
conv011_25,0,0
conv011_26,0,0
conv011_27,0,0
conv011_28,0,0
conv011_29,0,0
conv011_30,0,0
conv011_31,0,0
conv011_32,0,0
conv011_33,0,0
conv011_34,0,0
conv011_35,0,0
conv011_36,0,0
conv011_37,0,0
conv011_38,0,0
conv011_39,0,0
conv011_40,0,0
conv011_41,0,0
conv011_42,0,0
conv011_43,0,0
conv011_44,0,0
conv011_45,0,0
conv011_46,0,0
conv011_47,0,0
conv011_48,0,0
conv011_49,0,0
conv011_50,0,0
conv011_51,0,0
conv012_0,0,0
conv012_1,0,0
conv012_2,0,0
conv012_3,0,0
conv012_4,0,0
conv012_5,0,0
conv012_6,0,0
conv012_7,0,0
conv012_8,0,0
conv012_9,0,0
conv012_10,0,0
conv012_11,0,0
conv012_12,0,0
conv012_13,0,0
conv012_14,0,0
conv012_15,0,0
conv012_16,0,0
conv012_17,0,0
conv012_18,0,0
conv012_19,0,0
conv012_20,0,0
conv012_21,0,0
conv012_22,0,0
conv012_23,0,0
conv012_24,0,0
conv012_25,0,0
conv012_26,0,0
conv012_27,0,0
conv012_28,0,0
conv012_29,0,0
conv012_30,0,0
conv012_31,0,0
conv012_32,0,0
conv012_33,0,0
conv012_34,0,0
conv012_35,0,0
conv012_36,0,0
conv012_37,0,0
conv012_38,0,0
conv012_39,0,0
conv012_40,0,0
conv012_41,0,0
conv012_42,0,0
conv012_43,0,0
conv012_44,0,0
conv012_45,0,0
conv012_46,0,0
conv013_0,0,0
conv013_1,0,0
conv013_2,0,0
conv013_3,0,0
conv013_4,0,0
conv013_5,0,0
conv013_6,0,0
conv013_7,0,0
conv013_8,0,0
conv013_9,0,0
conv013_10,0,0
conv013_11,0,0
conv013_12,0,0
conv013_13,0,0
conv013_14,0,0
conv013_15,0,0
conv013_16,0,0
conv013_17,0,0
conv013_18,0,0
conv013_19,0,0
conv013_20,0,0
conv013_21,0,0
conv013_22,0,0
conv013_23,0,0
conv013_24,0,0
conv013_25,0,0
conv013_26,0,0
conv013_27,0,0
conv013_28,0,0
conv013_29,0,0
conv013_30,0,0
conv013_31,0,0
conv013_32,0,0
conv013_33,0,0
conv013_34,0,0
conv013_35,0,0
conv013_36,0,0
conv013_37,0,0
conv013_38,0,0
conv013_39,0,0
conv013_40,0,0
conv013_41,0,0
conv013_42,0,0
conv013_43,0,0
conv013_44,0,0
conv013_45,0,0
conv013_46,0,0
conv014_0,0,0
conv014_1,0,0
conv014_2,0,0
conv014_3,0,0
conv014_4,0,0
conv014_5,0,0
conv014_6,0,0
conv014_7,0,0
conv014_8,0,0
conv014_9,0,0
conv014_10,0,0
conv014_11,0,0
conv014_12,0,0
conv014_13,0,0
conv014_14,0,0
conv014_15,0,0
conv014_16,0,0
conv014_17,0,0
conv014_18,0,0
conv014_19,0,0
conv014_20,0,0
conv014_21,0,0
conv014_22,0,0
conv014_23,0,0
conv014_24,0,0
conv014_25,0,0
conv014_26,0,0
conv014_27,0,0
conv014_28,0,0
conv014_29,0,0
conv014_30,0,0
conv014_31,0,0
conv014_32,0,0
conv014_33,0,0
conv014_34,0,0
conv014_35,0,0
conv015_0,0,0
conv015_1,0,0
conv015_2,0,0
conv015_3,0,0
conv015_4,0,0
conv015_5,0,0
conv015_6,0,0
conv015_7,0,0
conv015_8,0,0
conv015_9,0,0
conv015_10,0,0
conv015_11,0,0
conv015_12,0,0
conv015_13,0,0
conv015_14,0,0
conv015_15,0,0
conv015_16,0,0
conv015_17,0,0
conv015_18,0,0
conv015_19,0,0
conv015_20,0,0
conv015_21,0,0
conv015_22,0,0
conv015_23,0,0
conv015_24,0,0
conv015_25,0,0
conv015_26,0,0
conv015_27,0,0
conv015_28,0,0
conv015_29,0,0
conv015_30,0,0
conv016_0,0,0
conv016_1,0,0
conv016_2,0,0
conv016_3,0,0
conv016_4,0,0
conv016_5,0,0
conv016_6,0,0
conv016_7,0,0
conv016_8,0,0
conv016_9,0,0
conv016_10,0,0
conv016_11,0,0
conv016_12,0,0
conv016_13,0,0
conv016_14,0,0
conv016_15,0,0
conv016_16,0,0
conv016_17,0,0
conv016_18,0,0
conv016_19,0,0
conv016_20,0,0
conv016_21,0,0
conv016_22,0,0
conv016_23,0,0
conv016_24,0,0
conv017_0,0,0
conv017_1,0,0
conv017_2,0,0
conv017_3,0,0
conv017_4,0,0
conv017_5,0,0
conv017_6,0,0
conv017_7,0,0
conv017_8,0,0
conv017_9,0,0
conv017_10,0,0
conv017_11,0,0
conv017_12,0,0
conv017_13,0,0
conv017_14,0,0
conv017_15,0,0
conv017_16,0,0
conv017_17,0,0
conv017_18,0,0
conv017_19,0,0
conv017_20,0,0
conv017_21,0,0
conv017_22,0,0
conv017_23,0,0
conv017_24,0,0
conv017_25,0,0
conv017_26,0,0
conv017_27,0,0
conv017_28,0,0
conv017_29,0,0
conv017_30,0,0
conv017_31,0,0
conv017_32,0,0
conv017_33,0,0
conv017_34,0,0
conv017_35,0,0
conv017_36,0,0
conv017_37,0,0
conv017_38,0,0
conv018_0,0,0
conv018_1,0,0
conv018_2,0,0
conv018_3,0,0
conv018_4,0,0
conv018_5,0,0
conv018_6,0,0
conv018_7,0,0
conv018_8,0,0
conv018_9,0,0
conv018_10,0,0
conv018_11,0,0
conv018_12,0,0
conv018_13,0,0
conv018_14,0,0
conv018_15,0,0
conv018_16,0,0
conv018_17,0,0
conv018_18,0,0
conv018_19,0,0
conv018_20,0,0
conv018_21,0,0
conv018_22,0,0
conv018_23,0,0
conv018_24,0,0
conv018_25,0,0
conv018_26,0,0
conv018_27,0,0
conv018_28,0,0
conv018_29,0,0
conv018_30,0,0
conv018_31,0,0
conv018_32,0,0
conv018_33,0,0
conv018_34,0,0
conv018_35,0,0
conv018_36,0,0
conv018_37,0,0
conv018_38,0,0
conv018_39,0,0
conv018_40,0,0
conv018_41,0,0
conv018_42,0,0
conv019_0,0,0
conv019_1,0,0
conv019_2,0,0
conv019_3,0,0
conv019_4,0,0
conv019_5,0,0
conv019_6,0,0
conv019_7,0,0
conv019_8,0,0
conv019_9,0,0
conv019_10,0,0
conv019_11,0,0
conv019_12,0,0
conv019_13,0,0
conv019_14,0,0
conv019_15,0,0
conv019_16,0,0
conv019_17,0,0
conv019_18,0,0
conv019_19,0,0
conv019_20,0,0
conv019_21,0,0
conv019_22,0,0
conv019_23,0,0
conv019_24,0,0
conv019_25,0,0
conv019_26,0,0
conv019_27,0,0
conv019_28,0,0
conv019_29,0,0
conv019_30,0,0
conv019_31,0,0
conv019_32,0,0
conv019_33,0,0
conv019_34,0,0
conv019_35,0,0
conv019_36,0,0
conv019_37,0,0
conv019_38,0,0
conv019_39,0,0
conv019_40,0,0
conv019_41,0,0
conv019_42,0,0
conv019_43,0,0
conv019_44,0,0
conv019_45,0,0
conv019_46,0,0
conv019_47,0,0
conv019_48,0,0
conv019_49,0,0
conv019_50,0,0
conv020_0,0,0
conv020_1,0,0
conv020_2,0,0
conv020_3,0,0
conv020_4,0,0
conv020_5,0,0
conv020_6,0,0
conv020_7,0,0
conv020_8,0,0
conv020_9,0,0
conv020_10,0,0
conv020_11,0,0
conv020_12,0,0
conv020_13,0,0
conv020_14,0,0
conv020_15,0,0
conv020_16,0,0
conv020_17,0,0
conv020_18,0,0
conv020_19,0,0
conv020_20,0,0
conv020_21,0,0
conv020_22,0,0
conv020_23,0,0
conv020_24,0,0
conv020_25,0,0
conv020_26,0,0
conv020_27,0,0
conv020_28,0,0
conv020_29,0,0
conv020_30,0,0
conv020_31,0,0
conv020_32,0,0
conv020_33,0,0
conv020_34,0,0
conv020_35,0,0
conv020_36,0,0
conv020_37,0,0
conv020_38,0,0
conv020_39,0,0
conv020_40,0,0
conv020_41,0,0
conv020_42,0,0
conv020_43,0,0
conv020_44,0,0
conv020_45,0,0
sci001_0,0,0
sci001_1,0,0
sci001_2,0,0
sci001_3,0,0
sci001_4,0,0
sci001_5,0,0
sci001_6,0,0
sci001_7,0,0
sci001_8,0,0
sci001_9,0,0
sci001_10,0,0
sci001_11,0,0
sci001_12,0,0
sci001_13,0,0
sci001_14,0,0
sci001_15,0,0
sci001_16,0,0
sci001_17,0,0
sci001_18,0,0
sci001_19,0,0
sci001_20,0,0
sci001_21,0,0
sci001_22,0,0
sci001_23,0,0
sci001_24,0,0
sci001_25,0,0
sci001_26,0,0
sci001_27,0,0
sci001_28,0,0
sci001_29,0,0
sci001_30,0,0
sci002_0,0,0
sci002_1,0,0
sci002_2,0,0
sci002_3,0,0
sci002_4,0,0
sci002_5,0,0
sci002_6,0,0
sci002_7,0,0
sci002_8,0,0
sci002_9,0,0
sci002_10,0,0
sci002_11,0,0
sci002_12,0,0
sci002_13,0,0
sci002_14,0,0
sci002_15,0,0
sci002_16,0,0
sci002_17,0,0
sci002_18,0,0
sci002_19,0,0
sci002_20,0,0
sci002_21,0,0
sci002_22,0,0
sci002_23,0,0
sci002_24,0,0
sci002_25,0,0
sci002_26,0,0
sci002_27,0,0
sci002_28,0,0
sci002_29,0,0
sci003_0,0,0
sci003_1,0,0
sci003_2,0,0
sci003_3,0,0
sci003_4,0,0
sci003_5,0,0
sci003_6,0,0
sci003_7,0,0
sci003_8,0,0
sci003_9,0,0
sci003_10,0,0
sci003_11,0,0
sci003_12,0,0
sci003_13,0,0
sci003_14,0,0
sci003_15,0,0
sci003_16,0,0
sci003_17,0,0
sci003_18,0,0
sci003_19,0,0
sci003_20,0,0
sci003_21,0,0
sci003_22,0,0
sci003_23,0,0
sci003_24,0,0
sci003_25,0,0
sci003_26,0,0
sci004_0,0,0
sci004_1,0,0
sci004_2,0,0
sci004_3,0,0
sci004_4,0,0
sci004_5,0,0
sci004_6,0,0
sci004_7,0,0
sci004_8,0,0
sci004_9,0,0
sci004_10,0,0
sci004_11,0,0
sci004_12,0,0
sci004_13,0,0
sci004_14,0,0
sci004_15,0,0
sci004_16,0,0
sci004_17,0,0
sci004_18,0,0
sci004_19,0,0
sci004_20,0,0
sci004_21,0,0
sci004_22,0,0
sci004_23,0,0
sci004_24,0,0
sci004_25,0,0
sci004_26,0,0
sci004_27,0,0
sci004_28,0,0
sci004_29,0,0
sci004_30,0,0
sci004_31,0,0
sci004_32,0,0
sci004_33,0,0
sci005_0,0,0
sci005_1,0,0
sci005_2,0,0
sci005_3,0,0
sci005_4,0,0
sci005_5,0,0
sci005_6,0,0
sci005_7,0,0
sci005_8,0,0
sci005_9,0,0
sci005_10,0,0
sci005_11,0,0
sci005_12,0,0
sci005_13,0,0
sci005_14,0,0
sci005_15,0,0
sci005_16,0,0
sci005_17,0,0
sci005_18,0,0
sci006_0,0,0
sci006_1,0,0
sci006_2,0,0
sci006_3,0,0
sci006_4,0,0
sci006_5,0,0
sci006_6,0,0
sci006_7,0,0
sci006_8,0,0
sci006_9,0,0
sci006_10,0,0
sci006_11,0,0
sci006_12,0,0
sci006_13,0,0
sci006_14,0,0
sci006_15,0,0
sci006_16,0,0
sci006_17,0,0
sci006_18,0,0
sci006_19,0,0
sci006_20,0,0
sci006_21,0,0
sci006_22,0,0
sci006_23,0,0
sci006_24,0,0
sci006_25,0,0
sci006_26,0,0
sci006_27,0,0
sci006_28,0,0
sci006_29,0,0
sci006_30,0,0
sci006_31,0,0
sci006_32,0,0
sci006_33,0,0
sci006_34,0,0
sci007_0,0,0
sci007_1,0,0
sci007_2,0,0
sci007_3,0,0
sci007_4,0,0
sci007_5,0,0
sci007_6,0,0
sci007_7,0,0
sci007_8,0,0
sci007_9,0,0
sci007_10,0,0
sci007_11,0,0
sci007_12,0,0
sci007_13,0,0
sci007_14,0,0
sci007_15,0,0
sci007_16,0,0
sci007_17,0,0
sci007_18,0,0
sci007_19,0,0
sci007_20,0,0
sci007_21,0,0
sci007_22,0,0
sci007_23,0,0
sci007_24,0,0
sci007_25,0,0
sci007_26,0,0
sci007_27,0,0
sci007_28,0,0
sci007_29,0,0
sci007_30,0,0
sci007_31,0,0
sci007_32,0,0
sci007_33,0,0
sci007_34,0,0
sci007_35,0,0
sci007_36,0,0
sci007_37,0,0
sci007_38,0,0
sci007_39,0,0
sci008_0,0,0
sci008_1,0,0
sci008_2,0,0
sci008_3,0,0
sci008_4,0,0
sci008_5,0,0
sci008_6,0,0
sci008_7,0,0
sci008_8,0,0
sci008_9,0,0
sci008_10,0,0
sci008_11,0,0
sci008_12,0,0
sci008_13,0,0
sci008_14,0,0
sci008_15,0,0
sci008_16,0,0
sci008_17,0,0
sci008_18,0,0
sci008_19,0,0
sci008_20,0,0
sci008_21,0,0
sci008_22,0,0
sci008_23,0,0
sci008_24,0,0
sci008_25,0,0
sci008_26,0,0
sci008_27,0,0
sci008_28,0,0
sci008_29,0,0
sci008_30,0,0
sci008_31,0,0
sci008_32,0,0
sci008_33,0,0
sci008_34,0,0
sci009_0,0,0
sci009_1,0,0
sci009_2,0,0
sci009_3,0,0
sci009_4,0,0
sci009_5,0,0
sci009_6,0,0
sci009_7,0,0
sci009_8,0,0
sci009_9,0,0
sci009_10,0,0
sci009_11,0,0
sci009_12,0,0
sci009_13,0,0
sci009_14,0,0
sci009_15,0,0
sci009_16,0,0
sci009_17,0,0
sci009_18,0,0
sci009_19,0,0
sci009_20,0,0
sci009_21,0,0
sci009_22,0,0
sci009_23,0,0
sci009_24,0,0
sci009_25,0,0
sci009_26,0,0
sci009_27,0,0
sci009_28,0,0
sci009_29,0,0
sci009_30,0,0
sci009_31,0,0
sci009_32,0,0
sci009_33,0,0
sci009_34,0,0
sci009_35,0,0
sci009_36,0,0
sci009_37,0,0
sci009_38,0,0
sci009_39,0,0
sci009_40,0,0
sci009_41,0,0
sci009_42,0,0
sci010_0,0,0
sci010_1,0,0
sci010_2,0,0
sci010_3,0,0
sci010_4,0,0
sci010_5,0,0
sci010_6,0,0
sci010_7,0,0
sci010_8,0,0
sci010_9,0,0
sci010_10,0,0
sci010_11,0,0
sci010_12,0,0
sci010_13,0,0
sci010_14,0,0
sci010_15,0,0
sci010_16,0,0
sci010_17,0,0
sci010_18,0,0
sci010_19,0,0
sci010_20,0,0
sci010_21,0,0
sci010_22,0,0
sci010_23,0,0
sci010_24,0,0
sci010_25,0,0
sci010_26,0,0
sci010_27,0,0
sci010_28,0,0
sci010_29,0,0
sci010_30,0,0
sci010_31,0,0
sci011_0,0,0
sci011_1,0,0
sci011_2,0,0
sci011_3,0,0
sci011_4,0,0
sci011_5,0,0
sci011_6,0,0
sci011_7,0,0
sci011_8,0,0
sci011_9,0,0
sci011_10,0,0
sci011_11,0,0
sci011_12,0,0
sci011_13,0,0
sci011_14,0,0
sci011_15,0,0
sci011_16,0,0
sci011_17,0,0
sci011_18,0,0
sci011_19,0,0
sci011_20,0,0
sci011_21,0,0
sci011_22,0,0
sci011_23,0,0
sci011_24,0,0
sci011_25,0,0
sci011_26,0,0
sci011_27,0,0
sci011_28,0,0
sci011_29,0,0
sci011_30,0,0
sci011_31,0,0
sci011_32,0,0
sci011_33,0,0
sci012_0,0,0
sci012_1,0,0
sci012_2,0,0
sci012_3,0,0
sci012_4,0,0
sci012_5,0,0
sci012_6,0,0
sci012_7,0,0
sci012_8,0,0
sci012_9,0,0
sci012_10,0,0
sci012_11,0,0
sci012_12,0,0
sci012_13,0,0
sci012_14,0,0
sci012_15,0,0
sci012_16,0,0
sci012_17,0,0
sci012_18,0,0
sci012_19,0,0
sci012_20,0,0
sci012_21,0,0
sci012_22,0,0
sci012_23,0,0
sci012_24,0,0
sci012_25,0,0
sci012_26,0,0
sci012_27,0,0
sci012_28,0,0
sci012_29,0,0
sci012_30,0,0
sci012_31,0,0
sci012_32,0,0
sci012_33,0,0
sci012_34,0,0
sci012_35,0,0
sci013_0,0,0
sci013_1,0,0
sci013_2,0,0
sci013_3,0,0
sci013_4,0,0
sci013_5,0,0
sci013_6,0,0
sci013_7,0,0
sci013_8,0,0
sci013_9,0,0
sci013_10,0,0
sci013_11,0,0
sci013_12,0,0
sci013_13,0,0
sci013_14,0,0
sci013_15,0,0
sci013_16,0,0
sci013_17,0,0
sci013_18,0,0
sci013_19,0,0
sci013_20,0,0
sci013_21,0,0
sci013_22,0,0
sci013_23,0,0
sci013_24,0,0
sci013_25,0,0
sci013_26,0,0
sci013_27,0,0
sci013_28,0,0
sci013_29,0,0
sci013_30,0,0
sci013_31,0,0
sci013_32,0,0
sci013_33,0,0
sci013_34,0,0
sci013_35,0,0
sci013_36,0,0
sci013_37,0,0
sci013_38,0,0
sci013_39,0,0
sci013_40,0,0
sci013_41,0,0
sci013_42,0,0
sci013_43,0,0
sci013_44,0,0
sci013_45,0,0
sci013_46,0,0
sci013_47,0,0
sci013_48,0,0
sci014_0,0,0
sci014_1,0,0
sci014_2,0,0
sci014_3,0,0
sci014_4,0,0
sci014_5,0,0
sci014_6,0,0
sci014_7,0,0
sci014_8,0,0
sci014_9,0,0
sci014_10,0,0
sci014_11,0,0
sci014_12,0,0
sci014_13,0,0
sci014_14,0,0
sci014_15,0,0
sci014_16,0,0
sci014_17,0,0
sci014_18,0,0
sci014_19,0,0
sci014_20,0,0
sci014_21,0,0
sci014_22,0,0
sci014_23,0,0
sci014_24,0,0
sci014_25,0,0
sci014_26,0,0
sci014_27,0,0
sci014_28,0,0
sci014_29,0,0
sci014_30,0,0
sci014_31,0,0
sci014_32,0,0
sci015_0,0,0
sci015_1,0,0
sci015_2,0,0
sci015_3,0,0
sci015_4,0,0
sci015_5,0,0
sci015_6,0,0
sci015_7,0,0
sci015_8,0,0
sci015_9,0,0
sci015_10,0,0
sci015_11,0,0
sci015_12,0,0
sci015_13,0,0
sci015_14,0,0
sci015_15,0,0
sci015_16,0,0
sci015_17,0,0
sci015_18,0,0
sci015_19,0,0
sci015_20,0,0
sci015_21,0,0
sci015_22,0,0
sci015_23,0,0
sci015_24,0,0
sci015_25,0,0
sci015_26,0,0
sci015_27,0,0
sci016_0,0,0
sci016_1,0,0
sci016_2,0,0
sci016_3,0,0
sci016_4,0,0
sci016_5,0,0
sci016_6,0,0
sci016_7,0,0
sci016_8,0,0
sci016_9,0,0
sci016_10,0,0
sci016_11,0,0
sci016_12,0,0
sci016_13,0,0
sci016_14,0,0
sci016_15,0,0
sci016_16,0,0
sci016_17,0,0
sci016_18,0,0
sci016_19,0,0
sci016_20,0,0
sci016_21,0,0
sci016_22,0,0
sci016_23,0,0
sci016_24,0,0
sci016_25,0,0
sci016_26,0,0
sci016_27,0,0
sci016_28,0,0
sci016_29,0,0
sci016_30,0,0
sci016_31,0,0
sci016_32,0,0
sci016_33,0,0
sci016_34,0,0
sci017_0,0,0
sci017_1,0,0
sci017_2,0,0
sci017_3,0,0
sci017_4,0,0
sci017_5,0,0
sci017_6,0,0
sci017_7,0,0
sci017_8,0,0
sci017_9,0,0
sci017_10,0,0
sci017_11,0,0
sci017_12,0,0
sci017_13,0,0
sci017_14,0,0
sci017_15,0,0
sci017_16,0,0
sci017_17,0,0
sci017_18,0,0
sci017_19,0,0
sci017_20,0,0
sci017_21,0,0
sci017_22,0,0
sci017_23,0,0
sci017_24,0,0
sci017_25,0,0
sci017_26,0,0
sci017_27,0,0
sci017_28,0,0
sci017_29,0,0
sci017_30,0,0
sci017_31,0,0
sci017_32,0,0
sci017_33,0,0
sci017_34,0,0
sci017_35,0,0
sci017_36,0,0
sci017_37,0,0
sci018_0,0,0
sci018_1,0,0
sci018_2,0,0
sci018_3,0,0
sci018_4,0,0
sci018_5,0,0
sci018_6,0,0
sci018_7,0,0
sci018_8,0,0
sci018_9,0,0
sci018_10,0,0
sci018_11,0,0
sci018_12,0,0
sci018_13,0,0
sci018_14,0,0
sci018_15,0,0
sci018_16,0,0
sci018_17,0,0
sci018_18,0,0
sci018_19,0,0
sci018_20,0,0
sci018_21,0,0
sci018_22,0,0
sci018_23,0,0
sci018_24,0,0
sci018_25,0,0
sci018_26,0,0
sci018_27,0,0
sci018_28,0,0
sci018_29,0,0
sci018_30,0,0
sci018_31,0,0
sci018_32,0,0
sci018_33,0,0
sci018_34,0,0
sci018_35,0,0
sci019_0,0,0
sci019_1,0,0
sci019_2,0,0
sci019_3,0,0
sci019_4,0,0
sci019_5,0,0
sci019_6,0,0
sci019_7,0,0
sci019_8,0,0
sci019_9,0,0
sci019_10,0,0
sci019_11,0,0
sci019_12,0,0
sci019_13,0,0
sci019_14,0,0
sci019_15,0,0
sci019_16,0,0
sci019_17,0,0
sci019_18,0,0
sci019_19,0,0
sci019_20,0,0
sci019_21,0,0
sci019_22,0,0
sci019_23,0,0
sci019_24,0,0
sci019_25,0,0
sci019_26,0,0
sci019_27,0,0
sci019_28,0,0
sci019_29,0,0
sci019_30,0,0
sci019_31,0,0
sci019_32,0,0
sci019_33,0,0
sci019_34,0,0
sci019_35,0,0
sci019_36,0,0
sci019_37,0,0
sci019_38,0,0
sci019_39,0,0
sci020_0,0,0
sci020_1,0,0
sci020_2,0,0
sci020_3,0,0
sci020_4,0,0
sci020_5,0,0
sci020_6,0,0
sci020_7,0,0
sci020_8,0,0
sci020_9,0,0
sci020_10,0,0
sci020_11,0,0
sci020_12,0,0
sci020_13,0,0
sci020_14,0,0
sci020_15,0,0
sci020_16,0,0
sci020_17,0,0
sci020_18,0,0
sci020_19,0,0
sci020_20,0,0
sci020_21,0,0
sci020_22,0,0
sci020_23,0,0
sci020_24,0,0
sci020_25,0,0
sci020_26,0,0
sci020_27,0,0
sci020_28,0,0
sci020_29,0,0
sci020_30,0,0
sci020_31,0,0
sci020_32,0,0
sci020_33,0,0
sci020_34,0,0
sci020_35,0,0
sci020_36,0,0
sci020_37,0,0
sci020_38,0,0
sci020_39,0,0
sci020_40,0,0
sci020_41,0,0
